{"cameraMode":{"drawMode":0,"name":"Shaded","section":"Shading Mode"},"sceneLighting":true,"audioPlay":false,"sceneViewState":{"showFog":true,"showMaterialUpdate":true,"showSkybox":true,"showFlares":true,"showImageEffects":true,"showParticleSystems":true},"in2DMode":false,"pivot":{"x":0.046000003814697269,"y":2.282989978790283,"z":4.730400085449219},"rotation":{"x":-0.17319577932357789,"y":0.5572606325149536,"z":-0.12017351388931275,"w":-0.8031327724456787},"size":6.334281921386719,"orthographic":true}